-- Sample data for HOSPITAL table
INSERT INTO HOSPITAL (Hospital_ID, Name, Location, Contact) VALUES
(1, 'General Hospital', 'City A', '123-456-7890'),
(2, 'City Medical Center', 'City B', '987-654-3210'),
(3, 'Community Clinic', 'City C', '555-111-2222'),
(4, 'Metropolitan Hospital', 'City D', '333-444-5555'),
(5, 'Rural Health Center', 'City E', '666-777-8888'),
(6, 'University Medical Center', 'City F', '999-000-1111'),
(7, 'Sunset Hospital', 'City G', '222-333-4444'),
(8, 'Central Clinic', 'City H', '777-888-9999'),
(9, 'Coastal Medical Center', 'City I', '444-555-6666'),
(10, 'Mountain View Hospital', 'City J', '111-222-3333'),
(11, 'Pediatric Health Center', 'City K', '555-666-7777'),
(12, 'Womens Hospital', 'City L', '888-999-0000'),
(13, 'Veterans Medical Center', 'City M', '444-111-9999'),
(14, 'Research Hospital', 'City N', '123-567-9876'),
(15, 'Elder Care Center', 'City O', '876-543-2109');

-- Sample data for DOCTOR table
INSERT INTO DOCTOR (Doctor_ID, Name, Specialization, Contact, Credentials, Hospital_ID) VALUES
(201, 'Dr. Johnson', 'Cardiology', '111-2222', 'MD', 1),
(202, 'Dr. Smith', 'Pediatrics', '333-4444', 'MD', 2),
(203, 'Dr. Anderson', 'Internal Medicine', '555-6666', 'MD', 3),
(204, 'Dr. Davis', 'Orthopedics', '777-8888', 'MD', 1),
(205, 'Dr. Miller', 'Dermatology', '999-0000', 'MD', 2),
(206, 'Dr. Wilson', 'Neurology', '123-4567', 'MD', 3),
(207, 'Dr. Moore', 'Gastroenterology', '234-5678', 'MD', 1),
(208, 'Dr. Brown', 'Ophthalmology', '345-6789', 'MD', 2),
(209, 'Dr. Taylor', 'Psychiatry', '456-7890', 'MD', 3),
(210, 'Dr. White', 'Endocrinology', '567-8901', 'MD', 1),
(211, 'Dr. Evans', 'Rheumatology', '678-9012', 'MD', 2),
(212, 'Dr. Harris', 'Urology', '789-0123', 'MD', 3),
(213, 'Dr. Martinez', 'Pulmonology', '890-1234', 'MD', 1),
(214, 'Dr. Turner', 'Hematology', '901-2345', 'MD', 2),
(215, 'Dr. Foster', 'Allergy and Immunology', '012-3456', 'MD', 3),
(301, 'Dr. Martinez', 'Cardiology', '111-3333', 'MD', 1),
(302, 'Dr. Wilson', 'Pediatrics', '333-5555', 'MD', 2),
(303, 'Dr. Garcia', 'Internal Medicine', '555-7777', 'MD', 3),
(304, 'Dr. Patel', 'Orthopedics', '222-4444', 'MD', 1),
(305, 'Dr. Kim', 'Cardiology', '444-6666', 'MD', 2),
(306, 'Dr. Thompson', 'Internal Medicine', '666-8888', 'MD', 3),
(307, 'Dr. Smith', 'Orthopedics', '777-9999', 'MD', 1),
(308, 'Dr. Davis', 'Pediatrics', '999-1111', 'MD', 2),
(309, 'Dr. Rodriguez', 'Cardiology', '888-2222', 'MD', 3),
(310, 'Dr. Lee', 'Orthopedics', '333-0000', 'MD', 1),
(311, 'Dr. Jones', 'Internal Medicine', '444-1111', 'MD', 2),
(312, 'Dr. Nguyen', 'Pediatrics', '555-2222', 'MD', 3),
(313, 'Dr. Hernandez', 'Cardiology', '666-3333', 'MD', 1),
(314, 'Dr. Taylor', 'Orthopedics', '777-4444', 'MD', 2),
(315, 'Dr. Lewis', 'Internal Medicine', '888-5555', 'MD', 3);

-- Sample data for PATIENT table
INSERT INTO PATIENT (Patient_ID, Name, DateOfBirth, Contact, Insurance, Medical_History) VALUES
(101, 'John Doe', '1990-05-15', '555-1234', 'HealthInsure', 'None'),
(102, 'Jane Smith', '1985-08-22', '555-5678', 'MediCare', 'Allergies'),
(103, 'Bob Johnson', '1982-11-10', '555-9876', 'HealthShield', 'High blood pressure'),
(104, 'Emily White', '1995-03-08', '555-1111', 'WellCare', 'Asthma'),
(105, 'Chris Brown', '1978-09-30', '555-2222', 'HealthGuard', 'Diabetes'),
(106, 'Megan Turner', '1989-12-18', '555-3333', 'MediPlus', 'None'),
(107, 'Alex Martinez', '1980-06-25', '555-4444', 'WellInsure', 'Heart condition'),
(108, 'Sophia Davis', '1992-04-05', '555-5555', 'HealthPlus', 'None'),
(109, 'Daniel Taylor', '1983-07-12', '555-6666', 'MediGuard', 'Arthritis'),
(110, 'Olivia Miller', '1998-01-20', '555-7777', 'WellCare', 'None'),
(111, 'Ryan Wilson', '1975-11-28', '555-8888', 'MediGuard', 'High cholesterol'),
(112, 'Emma Harris', '1993-08-15', '555-9999', 'HealthInsure', 'Migraine'),
(113, 'William Clark', '1987-02-14', '555-0000', 'MediPlus', 'Depression'),
(114, 'Ava Robinson', '1996-07-03', '555-1212', 'HealthGuard', 'Anxiety'),
(115, 'Jackson Hall', '1984-05-09', '555-2323', 'WellInsure', 'None'),
(116, 'Alice Johnson', '1992-03-18', '555-1111', 'HealthPlus', 'Asthma'),
(117, 'Charlie Brown', '1978-09-25', '555-2222', 'MediGuard', 'Diabetes'),
(118, 'Eva White', '1986-07-12', '555-3333', 'HealthSure', 'High cholesterol'),
(119, 'Frank Green', '1995-12-03', '555-4444', 'MediShield', 'None'),
(120, 'Grace Turner', '1980-05-28', '555-5555', 'HealthPlus', 'Migraines'),
(121, 'Harry Davis', '1972-11-15', '555-6666', 'MediCare', 'Arthritis'),
(122, 'Ivy Martinez', '1988-02-07', '555-7777', 'HealthGuard', 'Allergies'),
(123, 'Jack Harris', '1990-08-30', '555-8888', 'MediGuard', 'Hypertension'),
(124, 'Katherine Brooks', '1983-04-22', '555-9999', 'HealthSure', 'Depression'),
(125, 'Liam Taylor', '1998-06-17', '555-1010', 'MediShield', 'None'),
(126, 'Mia Evans', '1985-01-14', '555-1212', 'HealthPlus', 'Asthma'),
(127, 'Noah Rodriguez', '1993-09-08', '555-1313', 'MediCare', 'High blood pressure'),
(128, 'Olivia Hill', '1982-12-05', '555-1414', 'HealthGuard', 'Anxiety'),
(129, 'Parker Foster', '1996-07-19', '555-1515', 'MediSure', 'None'),
(130, 'Quinn Stewart', '1976-03-26', '555-1616', 'HealthPlus', 'Diabetes');

-- Sample data for ADMITS table
INSERT INTO ADMITS (Hospital_ID, Patient_ID) VALUES
(1, 101),
(2, 102),
(3, 103),
(1, 104),
(2, 105),
(3, 106),
(1, 107),
(2, 108),
(3, 109),
(1, 110),
(2, 111),
(3, 112),
(1, 113),
(2, 114),
(3, 115);

-- Sample data for TREATS table
INSERT INTO TREATS (Patient_ID, Doctor_ID) VALUES
(101, 201),
(102, 202),
(103, 203),
(104, 204),
(105, 205),
(106, 206),
(107, 207),
(108, 208),
(109, 209),
(110, 210),
(111, 211),
(112, 212),
(113, 213),
(114, 214),
(115, 215),
(115, 214),
(116, 211),
(117, 212),
(118, 213),
(119, 214),
(120, 215),
(121, 211),
(122, 210),
(123, 214),
(124, 302),
(125, 301),
(126, 302),
(127, 302),
(128, 213),
(129, 302),
(130, 302);

-- Sample data for MESSAGE table
INSERT INTO MESSAGE (Message_ID, Date, Priority, Content, Status, Patient_ID, Doctor_ID) VALUES
(1, '2023-01-01', 'High', 'Urgent message', 'Read', 101, 201),
(2, '2023-02-01', 'Normal', 'Routine message', 'Unread', 102, 202),
(3, '2023-03-01', 'High', 'Emergency alert', 'Read', 103, 203),
(4, '2023-04-01', 'Normal', 'Appointment reminder', 'Unread', 104, 204),
(5, '2023-05-01', 'High', 'Lab test results', 'Read', 105, 205),
(6, '2023-06-01', 'Normal', 'Prescription update', 'Unread', 106, 206),
(7, '2023-07-01', 'High', 'Critical condition alert', 'Read', 107, 207),
(8, '2023-08-01', 'Normal', 'Follow-up instructions', 'Unread', 108, 208),
(9, '2023-09-01', 'High', 'Emergency contact', 'Read', 109, 209),
(10, '2023-10-01', 'Normal', 'Insurance update', 'Unread', 110, 210),
(11, '2023-11-01', 'High', 'Medical history review', 'Read', 111, 211),
(12, '2023-12-01', 'Normal', 'Appointment reschedule', 'Unread', 112, 212),
(13, '2024-01-01', 'High', 'Lab test appointment', 'Read', 113, 213),
(14, '2024-02-01', 'Normal', 'Medication adjustment', 'Unread', 114, 214),
(15, '2024-03-01', 'High', 'Critical test results', 'Read', 115, 215),
(16, '2024-04-01', 'Normal', 'Follow-up instructions', 'Unread', 101, 201),
(17, '2024-05-01', 'High', 'Emergency alert', 'Unread', 102, 202),
(18, '2024-06-01', 'Normal', 'Prescription details', 'Unread', 103, 203),
(19, '2024-07-01', 'High', 'Urgent message', 'Unread', 104, 204),
(20, '2024-08-01', 'Normal', 'Routine message', 'Unread', 105, 205),
(21, '2024-09-01', 'High', 'Emergency alert', 'Unread', 106, 206),
(22, '2024-10-01', 'Normal', 'Follow-up instructions', 'Unread', 107, 207),
(23, '2024-11-01', 'High', 'Urgent message', 'Unread', 108, 208),
(24, '2024-12-01', 'Normal', 'Prescription details', 'Unread', 109, 209),
(25, '2025-01-01', 'High', 'Emergency alert', 'Unread', 110, 210),
(26, '2025-02-01', 'Normal', 'Routine message', 'Unread', 111, 211),
(27, '2025-03-01', 'High', 'Urgent message', 'Unread', 112, 212),
(28, '2025-04-01', 'Normal', 'Follow-up instructions', 'Unread', 113, 213),
(29, '2025-05-01', 'High', 'Emergency alert', 'Unread', 114, 214),
(30, '2025-06-01', 'Normal', 'Prescription details', 'Unread', 115, 215),
(31, '2025-07-01', 'Normal', 'Follow-up instructions', 'Unread', 116, 202),
(32, '2025-08-01', 'High', 'Emergency alert', 'Unread', 117, 202),
(33, '2025-09-01', 'Normal', 'Prescription details', 'Unread', 118, 202),
(34, '2025-10-01', 'High', 'Urgent message', 'Unread', 119, 202),
(35, '2025-11-01', 'Normal', 'Routine message', 'Unread', 120, 202),
(36, '2025-12-01', 'High', 'Emergency alert', 'Unread', 121, 215),
(37, '2026-01-01', 'Normal', 'Prescription details', 'Unread', 122, 215),
(38, '2026-02-01', 'High', 'Urgent message', 'Unread', 123, 215),
(39, '2026-03-01', 'Normal', 'Routine message', 'Unread', 124, 215),
(40, '2026-04-01', 'High', 'Emergency alert', 'Unread', 125, 215),
(41, '2026-05-01', 'Normal', 'Follow-up instructions', 'Unread', 126, 215),
(42, '2026-06-01', 'High', 'Prescription details', 'Unread', 127, 215);

-- Sample data for BILLING table
INSERT INTO BILLING (Bill_ID, Date, Status, Amount, Patient_ID, Doctor_ID) VALUES
(1, '2023-01-15', 'Paid', 100.00, 101, 201),
(2, '2023-02-15', 'Pending', 150.00, 102, 202),
(3, '2023-03-15', 'Paid', 120.00, 103, 203),
(4, '2023-04-15', 'Pending', 90.00, 104, 204),
(5, '2023-05-15', 'Paid', 80.00, 105, 205),
(6, '2023-06-15', 'Pending', 110.00, 106, 206),
(7, '2023-07-15', 'Paid', 130.00, 107, 207),
(8, '2023-08-15', 'Pending', 70.00, 108, 208),
(9, '2023-09-15', 'Paid', 95.00, 109, 209),
(10, '2023-10-15', 'Pending', 120.00, 110, 210),
(11, '2023-11-15', 'Paid', 85.00, 111, 211),
(12, '2023-12-15', 'Pending', 100.00, 112, 212),
(13, '2024-01-15', 'Paid', 110.00, 113, 213),
(14, '2024-02-15', 'Pending', 75.00, 114, 214),
(15, '2024-03-15', 'Paid', 130.00, 115, 215);

-- Sample data for APPOINTMENT table
INSERT INTO APPOINTMENT (Appointment_ID, Date, Status, Reason, Patient_ID, Doctor_ID) VALUES
(1, '2023-03-01', 'Confirmed', 'Regular checkup', 101, 201),
(2, '2023-04-01', 'Pending', 'Follow-up', 102, 202),
(3, '2023-05-01', 'Confirmed', 'Annual checkup', 103, 203),
(4, '2023-06-01', 'Pending', 'Vaccination', 104, 204),
(5, '2023-07-01', 'Confirmed', 'Dental checkup', 105, 205),
(6, '2023-08-01', 'Pending', 'Eye examination', 106, 206),
(7, '2023-09-01', 'Confirmed', 'Orthopedic consultation', 107, 207),
(8, '2023-10-01', 'Pending', 'Physical therapy', 108, 208),
(9, '2023-11-01', 'Confirmed', 'Allergy test', 109, 209),
(10, '2023-12-01', 'Pending', 'Blood pressure check', 110, 210),
(11, '2024-01-01', 'Confirmed', 'Gastroenterology consultation', 111, 211),
(12, '2024-02-01', 'Pending', 'Neurology appointment', 112, 212),
(13, '2024-03-01', 'Confirmed', 'Psychiatry session', 113, 213),
(14, '2024-04-01', 'Pending', 'Pulmonology checkup', 114, 214),
(15, '2024-05-01', 'Confirmed', 'Rheumatology consultation', 115, 215),
(16, '2024-06-01', 'Pending', 'Follow-up', 101, 201),
(17, '2024-07-01', 'Confirmed', 'Dental checkup', 104, 205), 
(18, '2024-08-01', 'Pending', 'Physical therapy', 108, 203),
(19, '2024-09-01', 'Pending', 'Follow-up', 101, 201),
(20, '2024-10-01', 'Confirmed', 'Annual checkup', 102, 202),
(21, '2024-11-01', 'Pending', 'Regular checkup', 103, 203),
(22, '2024-12-01', 'Confirmed', 'Follow-up', 104, 204),
(23, '2025-01-01', 'Pending', 'Routine checkup', 105, 205),
(24, '2025-02-01', 'Confirmed', 'Emergency', 106, 206),
(25, '2025-03-01', 'Pending', 'Follow-up', 107, 207),
(26, '2025-04-01', 'Confirmed', 'Regular checkup', 108, 208),
(27, '2025-05-01', 'Pending', 'Follow-up', 109, 209),
(28, '2025-06-01', 'Confirmed', 'Annual checkup', 110, 210),
(29, '2025-06-01', 'Confirmed', 'Annual checkup', 110, 203),
(30, '2025-06-07', 'Pending', 'Regular checkup', 110, 215);

-- Sample data for MEDICATION_TRACKER table
INSERT INTO MEDICATION_TRACKER (Medicine_ID, Name, Date, Dose, Status, Patient_ID) VALUES
(1, 'Aspirin', '2023-01-01', '10mg', 'Taken', 101),
(2, 'Tylenol', '2023-02-01', '5mg', 'Missed', 102),
(3, 'Ibuprofen', '2023-03-01', '15mg', 'Taken', 103),
(4, 'Cough Syrup', '2023-04-01', '2 teaspoons', 'Scheduled', 104),
(5, 'Antacid', '2023-05-01', '1 tablet', 'Taken', 105),
(6, 'Insulin', '2023-06-01', '20 units', 'Missed', 106),
(7, 'Antibiotic', '2023-07-01', '500mg', 'Scheduled', 107),
(8, 'Painkiller', '2023-08-01', '15mg', 'Taken', 108),
(9, 'Allergy Medication', '2023-09-01', '10mg', 'Scheduled', 109),
(10, 'Vitamin D', '2023-10-01', '1000 IU', 'Taken', 110),
(11, 'Blood Pressure Medication', '2023-11-01', '5mg', 'Missed', 111),
(12, 'Cholesterol Medication', '2023-12-01', '20mg', 'Scheduled', 112),
(13, 'Anti-anxiety Medication', '2024-01-01', '10mg', 'Taken', 113),
(14, 'Migraine Medication', '2024-02-01', '25mg', 'Scheduled', 114),
(15, 'Thyroid Medication', '2024-03-01', '50mcg', 'Taken', 115);

-- Sample data for SUPPORT_GROUP table
INSERT INTO SUPPORT_GROUP (Group_ID, Description, Title, Meeting_Time) VALUES
(1, 'Support group for allergies', 'Allergy Support', '18:00:00'),
(2, 'Cardiology patients support', 'Heart Support', '16:30:00'),
(3, 'Internal Medicine Group', 'Internal Medicine Support', '17:00:00'),
(4, 'Diabetes Support', 'Diabetes Care', '15:45:00'),
(5, 'Cancer Survivors', 'Hope and Healing', '14:00:00'),
(6, 'Mental Health Awareness', 'Mind Matters', '19:30:00'),
(7, 'Prenatal Support', 'Expecting Parents', '12:30:00'),
(8, 'Weight Management', 'Healthy Habits', '17:30:00'),
(9, 'Chronic Pain Warriors', 'Pain Management', '16:00:00'),
(10, 'Senior Wellness', 'Golden Years', '11:00:00'),
(11, 'Womens Health', 'EmpowerHer', '14:30:00'),
(12, 'Addiction Recovery', 'New Beginnings', '20:00:00'),
(13, 'Mens Health Group', 'Man Up', '18:30:00'),
(14, 'Rare Diseases Support', 'Beyond the Ordinary', '15:00:00'),
(15, 'Respiratory Health', 'Breathe Easy', '13:00:00');

-- Sample data for ENROLLS table
INSERT INTO ENROLLS (Patient_ID, Group_ID) VALUES
(101, 1),
(102, 2),
(103, 3),
(104, 1),
(105, 6),
(106, 3),
(107, 1),
(108, 7),
(109, 3),
(110, 11),
(111, 2),
(112, 3),
(113, 1),
(114, 2),
(115, 13);

-- Sample data for KNOWLEDGE_HUB table
INSERT INTO KNOWLEDGE_HUB (Record_ID) VALUES
(1),
(2),
(3),
(4),
(5),
(6),
(7),
(8),
(9),
(10),
(11),
(12),
(13),
(14),
(15);

-- Sample data for MEDICINE_INFO table
INSERT INTO MEDICINE_INFO (Medicine_ID, Name, Description, Drug_Usage, Side_Effects, Record_ID) VALUES
(1, 'Aspirin', 'Pain reliever and anti-inflammatory drug', 'Take as prescribed', 'Drowsiness', 1),
(2, 'Ibuprofen', 'Nonsteroidal anti-inflammatory drug (NSAID)', 'Take with food', 'Upset stomach', 2),
(3, 'Acetaminophen', 'Pain reliever and fever reducer', 'Follow dosage instructions', 'No known side effects', 3),
(4, 'Amoxicillin', 'Antibiotic', 'Take with plenty of water', 'Nausea, diarrhea', 4),
(5, 'Lisinopril', 'Angiotensin-converting enzyme (ACE) inhibitor', 'Take once daily', 'Dizziness, cough', 5),
(6, 'Atorvastatin', 'Statins (cholesterol-lowering medication)', 'Take in the evening', 'Muscle pain, liver problems', 6),
(7, 'Omeprazole', 'Proton pump inhibitor (PPI)', 'Take before meals', 'Headache, nausea', 7),
(8, 'Metformin', 'Antidiabetic medication', 'Take with meals', 'Nausea, diarrhea', 8),
(9, 'Albuterol', 'Bronchodilator (for asthma)', 'Inhale as directed', 'Shakiness, increased heart rate', 9),
(10, 'Warfarin', 'Anticoagulant (blood thinner)', 'Follow dosage instructions', 'Risk of bleeding', 10),
(11, 'Hydrochlorothiazide', 'Diuretic (water pill)', 'Take in the morning', 'Low potassium levels', 11),
(12, 'Sertraline', 'Selective serotonin reuptake inhibitor (SSRI)', 'Take once daily', 'Nausea, insomnia', 12),
(13, 'Ciprofloxacin', 'Fluoroquinolone antibiotic', 'Take with plenty of water', 'Tendon rupture, dizziness', 13),
(14, 'Gabapentin', 'Anticonvulsant and neuropathic pain medication', 'Follow dosage instructions', 'Drowsiness, dizziness', 14),
(15, 'Losartan', 'Angiotensin II receptor blocker (ARB)', 'Take once or twice daily', 'Dizziness, low blood pressure', 15);

-- Sample data for DISEASE_INFO table
INSERT INTO DISEASE_INFO (Disease_ID, Name, Description, Symptoms, Record_ID) VALUES
(1, 'AllergyX', 'Allergic reaction', 'Itching, Sneezing', 1),
(2, 'HeartConditionY', 'Cardiac issue', 'Shortness of breath, Chest pain', 2),
(3, 'InflammatoryDiseaseZ', 'Chronic inflammation', 'Fatigue, Joint pain', 3),
(4, 'RespiratoryInfectionA', 'Lung infection', 'Cough, Fever', 4),
(5, 'DiabetesTypeB', 'Metabolic disorder', 'Increased thirst, Fatigue', 5),
(6, 'NeurologicalDisorderC', 'Nervous system issue', 'Memory loss, Headaches', 6),
(7, 'GastrointestinalIssueD', 'Digestive system problem', 'Abdominal pain, Diarrhea', 7),
(8, 'SkinConditionE', 'Dermatological problem', 'Rash, Itching', 8),
(9, 'MentalHealthDisorderF', 'Psychological issue', 'Depression, Anxiety', 9),
(10, 'OrthopedicProblemG', 'Musculoskeletal issue', 'Joint pain, Back pain', 10),
(11, 'EndocrineDisorderH', 'Hormonal imbalance', 'Weight gain, Fatigue', 11),
(12, 'BloodDisorderI', 'Hematological issue', 'Anemia, Blood clotting', 12),
(13, 'VisionProblemJ', 'Ophthalmological issue', 'Blurred vision, Eye pain', 13),
(14, 'EarNoseThroatIssueK', 'ENT problem', 'Earache, Sore throat', 14),
(15, 'GeneticConditionL', 'Inherited disorder', 'Genetic mutation symptoms', 15);

-- Sample data for ACESSESS table
INSERT INTO ACESSESS (Patient_ID, Record_ID) VALUES
(101, 1),
(102, 2),
(103, 3),
(104, 4),
(105, 5),
(106, 6),
(107, 7),
(108, 8),
(109, 9),
(110, 10),
(111, 11),
(112, 12),
(113, 13),
(114, 14),
(115, 15);
